Class,Survived,Died,Total,Survived_percentage,Died_percentage
First,203,122,325,62.46153846,37.53846154
Second,118,167,285,41.40350877,58.59649123
Third,178,528,706,25.21246459,74.78753541
Crew,212,696,908,23.34891,76.65198
